,index,from,to
0,1072,a,a
1,918,ai,ae
2,954,ai,ae
3,916,an,am
4,915,an,an
5,952,an,an
6,1015,an,an
7,1076,ao,o
8,579,ba,bal
9,1624,ba,pa
10,1522,ba,pal
11,491,bai,bae
12,492,bai,baeg
13,519,bai,baeg
14,611,bai,baeg
15,1544,bai,pae
16,533,ban,ban
17,578,ban,ban
18,629,ban,ban
19,1582,ban,pan
20,1625,ban,pan
21,609,bang,bang
22,649,bang,bang
23,500,bao,bo
24,536,bao,bo
25,644,bao,bo
26,1546,bao,po
27,1586,bao,po
28,1609,bao,po
29,1627,bao,po
30,1528,bao,pog
31,1587,bao,pog
32,518,bei,bae
33,581,bei,bae
34,650,bei,bae
35,654,bei,bae
36,721,bei,bi
37,772,bei,bi
38,825,bei,bi
39,871,bei,bi
40,658,bei,bug
41,1523,bei,pae
42,1612,bei,pi
43,502,ben,bon
44,850,ben,bun
45,787,beng,bung
46,662,bi,bi
47,760,bi,bi
48,851,bi,bi
49,586,bi,byeog
50,614,bi,byeog
51,1548,bi,pi
52,1629,bi,pi
53,1642,bi,pil
54,1695,bi,pil
55,1715,bi,pil
56,1526,bi,pye
57,1626,bi,pye
58,1636,bi,pye
59,1640,bi,pye
60,497,bian,byeon
61,587,bian,byeon
62,615,bian,byeon
63,634,bian,byeon
64,1545,bian,pyeon
65,1583,bian,pyeon
66,1607,bian,pyeon
67,1529,biao,pyo
68,1611,biao,pyo
69,498,bie,byeol
70,790,bin,bin
71,664,bing,bing
72,499,bing,byeong
73,520,bing,byeong
74,535,bing,byeong
75,588,bing,byeong
76,582,bo,baeg
77,577,bo,bag
78,647,bo,bag
79,653,bo,bag
80,1543,bo,pa
81,1605,bo,pa
82,521,bu,bo
83,635,bu,bo
84,636,bu,bog
85,759,bu,bu
86,822,bu,bu
87,660,bu,bul
88,1527,bu,po
89,1641,bu,po
90,1325,cai,chae
91,1355,cai,chae
92,1429,cai,chae
93,1111,cai,jae
94,1139,cai,jae
95,1158,cai,jae
96,1323,can,cham
97,1427,can,cham
98,1456,can,cham
99,1244,can,jam
100,1219,can,jan
101,1428,cang,chang
102,1473,cang,chang
103,1483,cang,chang
104,1283,cang,jang
105,1533,cao,cho
106,1466,cao,jo
107,1356,ce,chaeg
108,1430,ce,chaeg
109,1563,ce,cheug
110,1596,ce,cheug
111,1564,ceng,cheung
112,1313,ceng,jeung
113,1424,cha,cha
114,1322,cha,chal
115,376,cha,da
116,896,cha,sa
117,702,chan,san
118,858,chan,seon
119,1324,chang,chang
120,1354,chang,chang
121,1490,chang,chang
122,1110,chang,jang
123,1157,chang,jang
124,1247,chang,jang
125,726,chang,sang
126,798,chang,sang
127,832,chang,sang
128,876,chang,sang
129,1590,chao,cho
130,1613,chao,cho
131,1493,chao,jo
132,69,che,cha
133,1461,che,cheol
134,1317,chen,jin
135,1482,chen,jin
136,988,chen,sin
137,1042,chen,sin
138,1568,cheng,ching
139,1476,cheng,jeong
140,1453,cheng,jing
141,732,cheng,seong
142,752,cheng,seong
143,766,cheng,seong
144,903,cheng,seung
145,944,cheng,seung
146,1328,chi,cheog
147,1432,chi,cheog
148,1553,chi,chi
149,1618,chi,chi
150,1141,chi,jeog
151,1404,chi,ji
152,1419,chi,ji
153,1481,chi,ji
154,1557,chong,chong
155,1502,chong,chung
156,1551,chong,chung
157,1561,chong,chung
158,693,chong,sung
159,1559,chou,chu
160,1593,chou,chu
161,1499,chou,chug
162,1562,chou,chwi
163,770,chou,su
164,1357,chu,cheo
165,1495,chu,cho
166,1630,chu,cho
167,1614,chu,chog
168,1560,chu,chug
169,1501,chu,chul
170,1400,chu,je
171,1374,chuan,cheon
172,1360,chuan,jeon
173,776,chuan,seon
174,1373,chuang,chang
175,1457,chuang,chang
176,887,chuang,sang
177,1538,chui,chwi
178,1500,chun,chun
179,719,chun,sun
180,891,chun,sun
181,1353,ci,cha
182,1372,ci,cha
183,1193,ci,ja
184,1217,ci,ja
185,1242,ci,ja
186,828,ci,sa
187,830,ci,sa
188,895,ci,sa
189,1615,cong,chong
190,1392,cong,jong
191,1556,cu,chog
192,1558,cui,choe
193,1496,cun,chon
194,1534,cun,chon
195,1303,cun,jon
196,1425,cuo,chag
197,305,da,dab
198,307,da,dae
199,303,da,dal
200,1540,da,ta
201,338,dai,dae
202,357,dai,dae
203,381,dai,dae
204,439,dai,dae
205,1576,dai,tae
206,1602,dai,tae
207,378,dan,dam
208,437,dan,dam
209,302,dan,dan
210,336,dan,dan
211,356,dan,dan
212,377,dan,dan
213,1621,dan,tan
214,337,dang,dang
215,438,dang,dang
216,309,dao,do
217,339,dao,do
218,367,dao,do
219,371,dao,do
220,382,dao,do
221,441,dao,do
222,455,dao,do
223,461,dao,do
224,308,de,deog
225,314,de,deug
226,1115,de,jeog
227,315,deng,deung
228,344,deng,deung
229,361,deng,deung
230,1298,di,je
231,1337,di,je
232,1378,di,je
233,1442,di,je
234,1159,di,jeo
235,1226,di,jeo
236,1249,di,jeo
237,1175,di,jeog
238,1227,di,jeog
239,1250,di,jeog
240,1315,di,ji
241,1293,dian,jeom
242,1440,dian,jeom
243,1161,dian,jeon
244,1291,dian,jeon
245,1391,diao,jo
246,1410,diao,jo
247,1407,die,jeob
248,1295,ding,jeong
249,1296,ding,jeong
250,1335,ding,jeong
251,1441,ding,jeong
252,342,dong,dong
253,368,dong,dong
254,372,dong,dong
255,374,dong,dong
256,443,dong,dong
257,313,dou,du
258,343,dou,du
259,1604,dou,tu
260,310,du,do
261,358,du,do
262,465,du,do
263,311,du,dog
264,341,du,dog
265,384,du,dog
266,419,du,dog
267,442,du,dog
268,365,duan,dan
269,370,duan,dan
270,412,duan,dan
271,459,duan,dan
272,366,dui,dae
273,453,dui,dae
274,420,dun,don
275,388,dun,dun
276,866,dun,sun
277,301,duo,da
278,1599,duo,ta
279,1572,duo,tal
280,1077,e,a
281,1020,e,aeg
282,1047,e,aeg
283,914,e,ag
284,1093,en,eun
285,913,er,a
286,1100,er,i
287,1131,er,i
288,1182,er,i
289,1191,er,i
290,489,fa,bal
291,608,fa,bal
292,496,fa,beob
293,494,fa,beol
294,584,fa,beol
295,488,fan,ban
296,516,fan,ban
297,641,fan,ban
298,495,fan,beom
299,585,fan,beom
300,613,fan,beom
301,633,fan,beom
302,493,fan,beon
303,583,fan,beon
304,612,fan,beon
305,632,fan,beon
306,1606,fan,pan
307,490,fang,bang
308,517,fang,bang
309,534,fang,bang
310,545,fang,bang
311,549,fang,bang
312,580,fang,bang
313,630,fang,bang
314,642,fang,bang
315,698,fei,bi
316,742,fei,bi
317,826,fei,bi
318,884,fei,bi
319,894,fei,bi
320,1585,fei,pye
321,1608,fei,pye
322,659,fen,bun
323,785,fen,bun
324,823,fen,bun
325,870,fen,bun
326,883,fen,bun
327,893,fen,bun
328,655,feng,bong
329,694,feng,bong
330,782,feng,bong
331,820,feng,bong
332,847,feng,bong
333,867,feng,bong
334,1531,feng,pung
335,1547,feng,pung
336,697,fo,bul
337,657,fou,bu
338,501,fu,bog
339,522,fu,bog
340,537,fu,bog
341,546,fu,bog
342,590,fu,bog
343,618,fu,bog
344,656,fu,bu
345,695,fu,bu
346,696,fu,bu
347,720,fu,bu
348,741,fu,bu
349,771,fu,bu
350,783,fu,bu
351,784,fu,bu
352,821,fu,bu
353,848,fu,bu
354,849,fu,bu
355,868,fu,bu
356,869,fu,bu
357,881,fu,bu
358,882,fu,bu
359,892,fu,bu
360,786,fu,bul
361,824,fu,bul
362,1610,fu,pog
363,8,gai,gae
364,136,gai,gae
365,152,gai,gae
366,1755,gai,hae
367,5,gan,gam
368,51,gan,gam
369,66,gan,gam
370,3,gan,gan
371,115,gan,gan
372,134,gan,gan
373,35,gan,geon
374,117,gang,gang
375,135,gang,gang
376,151,gang,gang
377,1754,gang,hang
378,19,gao,go
379,85,gao,go
380,168,gao,go
381,76,ge,ga
382,53,ge,gae
383,2,ge,gag
384,87,ge,gag
385,109,ge,gwa
386,97,ge,gyeog
387,1719,ge,hal
388,1727,ge,hyeog
389,204,gei,geub
390,214,gen,geun
391,10,geng,gyeong
392,78,geng,gyeong
393,83,geng,gyeong
394,23,gong,gong
395,44,gong,gong
396,74,gong,gong
397,81,gong,gong
398,130,gong,gong
399,146,gong,gong
400,156,gong,gong
401,169,gong,gong
402,176,gong,gung
403,236,gong,gung
404,263,gou,gu
405,297,gou,gu
406,298,gou,gu
407,18,gu,go
408,41,gu,go
409,60,gu,go
410,106,gu,go
411,129,gu,go
412,155,gu,go
413,162,gu,go
414,20,gu,gog
415,61,gu,gog
416,22,gu,gol
417,131,gua,gwa
418,157,gua,gwa
419,227,gua,gwae
420,277,guai,goe
421,25,guan,gwan
422,46,guan,gwan
423,64,guan,gwan
424,111,guan,gwan
425,132,guan,gwan
426,148,guan,gwan
427,158,guan,gwan
428,164,guan,gwan
429,26,guang,gwang
430,47,guang,gwang
431,294,gui,gu
432,178,gui,gwi
433,201,gui,gwi
434,239,gui,gwi
435,17,gui,gye
436,104,gui,gye
437,267,gui,gyu
438,281,gui,gyu
439,174,guo,gug
440,24,guo,gwa
441,75,guo,gwa
442,110,guo,gwag
443,1648,hai,hae
444,1678,hai,hae
445,1698,hai,hae
446,1753,han,ham
447,1677,han,han
448,1709,han,han
449,1712,han,han
450,1718,han,han
451,1752,han,han
452,1789,hang,hang
453,1706,hao,ho
454,1713,hao,ho
455,1777,hao,ho
456,1786,hao,ho
457,1791,hao,ho
458,1696,he,ha
459,1703,he,ha
460,1708,he,ha
461,1716,he,ha
462,1646,he,hab
463,1723,he,haeg
464,1717,he,hag
465,1711,he,hwa
466,1738,he,hwa
467,1672,hei,heug
468,1697,hen,han
469,1647,heng,hang
470,1744,heng,hoeng
471,1731,heng,hyeong
472,1661,hong,hong
473,1737,hong,hong
474,1764,hong,hong
475,1778,hong,hong
476,1668,hou,hu
477,1692,hou,hu
478,1746,hou,hu
479,1771,hou,hu
480,1782,hou,hu
481,1657,hu,ho
482,1658,hu,ho
483,1684,hu,ho
484,1701,hu,ho
485,1710,hu,ho
486,1733,hu,ho
487,1762,hu,ho
488,1793,hu,ho
489,1736,hu,hol
490,1770,hua,hoeg
491,1686,hua,hwa
492,1687,hua,hwa
493,1702,hua,hwa
494,1714,hua,hwa
495,287,huai,goe
496,1781,huai,hoe
497,1663,huan,hwan
498,1688,huan,hwan
499,1767,huan,hwan
500,1780,huan,hwan
501,1787,huan,hwan
502,1036,huan,wan
503,1665,huang,hwang
504,1689,huang,hwang
505,1768,huang,hwang
506,1666,hui,hoe
507,1690,hui,hoe
508,1742,hui,hoe
509,1769,hui,hoe
510,1747,hui,hwe
511,1748,hui,hwi
512,1772,hui,hwi
513,1656,hui,hye
514,1732,hui,hye
515,1660,hun,hon
516,1685,hun,hon
517,1735,hun,hon
518,1763,hun,hon
519,1743,huo,hoeg
520,1659,huo,hog
521,1734,huo,hog
522,1662,huo,hwa
523,1707,huo,hwa
524,1765,huo,hwa
525,1766,huo,hwag
526,1664,huo,hwal
527,183,ji,geub
528,216,ji,geub
529,245,ji,geub
530,180,ji,geug
531,184,ji,gi
532,205,ji,gi
533,206,ji,gi
534,218,ji,gi
535,222,ji,gi
536,226,ji,gi
537,247,ji,gi
538,248,ji,gi
539,249,ji,gi
540,271,ji,gi
541,286,ji,gi
542,300,ji,gi
543,186,ji,gil
544,40,ji,gye
545,72,ji,gye
546,84,ji,gye
547,161,ji,gye
548,122,ji,gyeog
549,139,ji,gyeog
550,1363,ji,je
551,1477,ji,je
552,1492,ji,je
553,1228,ji,jeog
554,1251,ji,jeog
555,1267,ji,jeog
556,1276,ji,jeog
557,1277,ji,jeog
558,1284,ji,jeog
559,1312,ji,jeug
560,1319,ji,jib
561,1452,ji,jil
562,0,jia,ga
563,1,jia,ga
564,27,jia,ga
565,28,jia,ga
566,82,jia,ga
567,86,jia,ga
568,6,jia,gab
569,1435,jian,cheom
570,1433,jian,cheon
571,1460,jian,cheon
572,1484,jian,cheon
573,31,jian,gam
574,89,jian,gam
575,116,jian,gam
576,30,jian,gan
577,150,jian,gan
578,159,jian,gan
579,95,jian,geom
580,121,jian,geom
581,138,jian,geom
582,12,jian,geon
583,93,jian,geon
584,120,jian,geon
585,100,jian,gyeom
586,36,jian,gyeon
587,55,jian,gyeon
588,98,jian,gyeon
589,1463,jian,jeom
590,7,jiang,gang
591,32,jiang,gang
592,52,jiang,gang
593,1173,jiang,jang
594,1288,jiang,jang
595,29,jiao,gag
596,49,jiao,gag
597,171,jiao,gyo
598,219,jiao,gyo
599,229,jiao,gyo
600,261,jiao,gyo
601,288,jiao,gyo
602,240,jiao,gyu
603,1385,jie,cha
604,48,jie,ga
605,33,jie,gae
606,91,jie,gae
607,94,jie,geol
608,59,jie,gye
609,143,jie,gye
610,144,jie,gye
611,37,jie,gyeol
612,56,jie,gyeol
613,1705,jie,hae
614,1294,jie,jeob
615,1292,jie,jeol
616,1598,jin,chim
617,182,jin,geum
618,203,jin,geum
619,215,jin,geum
620,244,jin,geum
621,181,jin,geun
622,243,jin,geun
623,269,jin,geun
624,282,jin,geun
625,250,jin,gin
626,1371,jin,jin
627,1384,jin,jin
628,15,jing,gyeong
629,16,jing,gyeong
630,38,jing,gyeong
631,39,jing,gyeong
632,70,jing,gyeong
633,71,jing,gyeong
634,101,jing,gyeong
635,102,jing,gyeong
636,125,jing,gyeong
637,126,jing,gyeong
638,141,jing,gyeong
639,1362,jing,jeong
640,1376,jing,jeong
641,1389,jing,jeong
642,1399,jing,jeong
643,1552,jiu,chwi
644,172,jiu,gu
645,198,jiu,gu
646,220,jiu,gu
647,223,jiu,gu
648,225,jiu,gu
649,1309,jiu,ju
650,34,ju,geo
651,54,ju,geo
652,77,ju,geo
653,92,ju,geo
654,119,ju,geo
655,137,ju,geo
656,268,ju,geug
657,173,ju,gu
658,230,ju,gu
659,231,ju,gu
660,262,ju,gu
661,290,ju,gu
662,233,ju,gug
663,264,ju,gug
664,177,juan,gwon
665,123,juan,gyeon
666,133,jue,gag
667,238,jue,gwol
668,14,jue,gyeol
669,1243,jue,jag
670,1334,jue,jeol
671,175,jun,gun
672,199,jun,gun
673,212,jun,gun
674,179,jun,gyun
675,241,jun,gyun
676,1447,jun,jun
677,68,kai,gae
678,118,kai,gae
679,50,kan,gan
680,88,kan,gan
681,90,kang,gang
682,1784,kang,hang
683,80,kao,go
684,65,ke,ga
685,9,ke,gaeg
686,149,ke,gag
687,4,ke,gal
688,242,ke,geug
689,45,ke,gwa
690,63,ke,gwa
691,165,ken,gan
692,246,ken,geung
693,62,kong,gong
694,108,kong,gong
695,163,kong,gong
696,197,kou,gu
697,73,ku,go
698,105,ku,go
699,145,ku,go
700,107,ku,gog
701,147,kua,gwa
702,228,kuai,goe
703,1509,kuai,kwae
704,170,kuan,gwan
705,112,kuang,gwang
706,1741,kuang,hwang
707,260,kui,goe
708,21,kun,gon
709,43,kun,gon
710,1779,kuo,hwag
711,319,lai,nae
712,433,lai,noe
713,392,lan,nam
714,424,lan,nam
715,445,lan,nam
716,423,lan,nan
717,444,lan,nan
718,456,lan,nan
719,318,lang,nang
720,346,lang,nang
721,393,lang,nang
722,425,lang,nang
723,363,lao,no
724,369,lao,no
725,345,le,nag
726,406,le,yo
727,405,lei,noe
728,451,lei,nu
729,458,lei,nu
730,409,lei,yu
731,320,leng,naeng
732,466,li,i
733,503,li,i
734,523,li,i
735,553,li,i
736,591,li,i
737,619,li,i
738,637,li,i
739,645,li,i
740,468,li,ib
741,327,li,ye
742,352,li,ye
743,396,li,yeo
744,447,li,yeo
745,323,li,yeog
746,348,li,yeog
747,397,li,yeog
748,411,li,yul
749,400,lian,yeom
750,324,lian,yeon
751,349,lian,yeon
752,398,lian,yeon
753,429,lian,yeon
754,448,lian,yeon
755,457,lian,yeon
756,462,lian,yeon
757,321,liang,yang
758,347,liang,yang
759,362,liang,yang
760,395,liang,yang
761,427,liang,yang
762,446,liang,yang
763,331,liao,yo
764,325,lie,yeol
765,350,lie,yeol
766,399,lie,yeol
767,430,lie,yeol
768,467,lin,im
769,555,lin,im
770,1241,lin,im
771,554,lin,in
772,552,ling,neung
773,326,ling,yeong
774,351,ling,yeong
775,401,ling,yeong
776,431,ling,yeong
777,449,ling,yeong
778,332,liu,yu
779,354,liu,yu
780,364,liu,yu
781,333,liu,yug
782,407,long,yong
783,551,long,yung
784,434,lou,nu
785,463,lou,nu
786,328,lu,no
787,353,lu,no
788,402,lu,no
789,403,lu,nog
790,432,lu,nog
791,450,lu,nog
792,355,lu,yug
793,317,luan,nan
794,391,luan,nan
795,330,lun,non
796,334,lun,yun
797,410,lun,yun
798,389,luo,na
799,316,luo,nag
800,390,luo,nag
801,422,luo,nag
802,651,lv,i
803,329,lv,nog
804,408,lv,nu
805,435,lv,sol
806,322,lv,yeo
807,428,lv,yeo
808,335,lv,yul
809,394,lve,yag
810,426,lve,yag
811,469,ma,ma
812,556,ma,ma
813,506,mai,mae
814,526,mai,mae
815,596,mai,mae
816,475,mai,maeg
817,561,mai,maeg
818,524,man,man
819,558,man,man
820,594,man,man
821,620,man,man
822,638,mang,maeng
823,505,mang,mang
824,559,mang,mang
825,509,mao,mo
826,639,mao,mo
827,646,mao,mo
828,512,mao,mu
829,572,mao,mu
830,480,mao,myo
831,474,mei,mae
832,539,mei,mae
833,560,mei,mae
834,622,mei,mae
835,544,mei,mi
836,627,mei,mi
837,569,mei,mol
838,483,men,mun
839,562,meng,maeng
840,597,meng,maeng
841,623,meng,maeng
842,570,meng,mong
843,601,meng,mong
844,789,mi,bi
845,485,mi,mi
846,574,mi,mi
847,487,mi,mil
848,576,mi,mil
849,476,mian,myeon
850,507,mian,myeon
851,527,mian,myeon
852,540,mian,myeon
853,563,mian,myeon
854,511,miao,myo
855,571,miao,myo
856,602,miao,myo
857,564,mie,myeol
858,486,min,min
859,575,min,min
860,605,min,min
861,477,ming,myeong
862,508,ming,myeong
863,528,ming,myeong
864,541,ming,myeong
865,565,ming,myeong
866,598,ming,myeong
867,592,mo,ma
868,470,mo,mag
869,593,mo,mag
870,472,mo,mal
871,599,mo,mo
872,624,mo,mo
873,482,mo,mug
874,573,mo,mug
875,566,mou,mo
876,557,mu,mag
877,478,mu,mo
878,529,mu,mo
879,567,mu,mo
880,652,mu,mo
881,479,mu,mog
882,510,mu,mog
883,568,mu,mog
884,600,mu,mog
885,625,mu,mog
886,626,mu,myo
887,251,na,na
888,253,na,nab
889,209,nai,nae
890,255,nai,nae
891,274,nai,nae
892,188,nan,nam
893,208,nan,nam
894,207,nan,nan
895,259,nao,noe
896,276,nao,noe
897,189,nei,nae
898,195,neng,neung
899,375,ni,i
900,982,ni,yeog
901,192,nian,yeom
902,191,nian,yeon
903,254,niang,nang
904,1379,niao,jo
905,256,ning,yeong
906,1162,niu,u
907,194,nong,nong
908,258,nong,nong
909,404,nong,nong
910,193,nu,no
911,257,nu,no
912,275,nu,no
913,187,nuan,nan
914,252,nuo,nag
915,190,nv,yeo
916,293,ou,gu
917,1269,ou,u
918,643,pai,bae
919,606,pai,bag
920,1581,pai,pa
921,607,pan,ban
922,648,pan,ban
923,1521,pan,pan
924,610,pei,bae
925,631,pei,bae
926,661,peng,bung
927,788,pi,bi
928,1532,pi,pi
929,1589,pi,pi
930,1675,pi,pil
931,1524,pian,pyeon
932,1554,pian,pyeon
933,1588,piao,pyo
934,1628,piao,pyo
935,663,pin,bin
936,827,pin,bin
937,791,pin,bing
938,1530,pin,pum
939,616,ping,byeong
940,1525,ping,pyeong
941,1584,ping,pyeong
942,628,po,bag
943,640,po,bag
944,1520,po,pa
945,1635,po,pa
946,589,pu,bo
947,617,pu,bo
948,1637,pu,po
949,1327,qi,cheo
950,1431,qi,cheo
951,1474,qi,cheog
952,1507,qi,chil
953,1566,qi,chil
954,1129,qi,eub
955,96,qi,ge
956,185,qi,gi
957,217,qi,gi
958,221,qi,gi
959,224,qi,gi
960,272,qi,gi
961,273,qi,gi
962,284,qi,gi
963,285,qi,gi
964,291,qi,gi
965,292,qi,gi
966,295,qi,gi
967,296,qi,gi
968,299,qi,gi
969,128,qi,gye
970,167,qi,gye
971,1486,qi,je
972,1329,qian,cheon
973,1396,qian,cheon
974,1475,qian,cheon
975,124,qian,gyeom
976,140,qian,gyeon
977,1220,qian,jam
978,1176,qian,jeon
979,1333,qian,jeon
980,1074,qian,yeon
981,67,qiang,gang
982,1223,qiang,jang
983,210,qiao,gyo
984,278,qiao,gyo
985,1320,qie,cha
986,1436,qie,cheob
987,1405,qie,jeol
988,1567,qin,chim
989,1619,qin,chim
990,1506,qin,chin
991,270,qin,geum
992,283,qin,geum
993,202,qin,geun
994,1331,qing,cheong
995,1359,qing,cheong
996,1375,qing,cheong
997,1387,qing,cheong
998,57,qing,gyeong
999,58,qing,gyeong
1000,142,qing,gyeong
1001,153,qing,gyeong
1002,160,qing,gyeong
1003,1377,qing,jeong
1004,265,qiong,gung
1005,1498,qiu,chu
1006,211,qiu,gu
1007,232,qiu,gu
1008,280,qiu,gu
1009,814,qiu,su
1010,1503,qu,chwi
1011,1617,qu,chwi
1012,11,qu,geo
1013,42,qu,gog
1014,279,qu,gu
1015,289,qu,gu
1016,235,qu,gul
1017,1386,quan,cheon
1018,200,quan,gwon
1019,213,quan,gwon
1020,237,quan,gwon
1021,266,quan,gwon
1022,13,quan,gyeon
1023,1142,quan,jeon
1024,114,que,gag
1025,99,que,gyeol
1026,1739,que,hwag
1027,234,qun,gun
1028,1030,ran,yeom
1029,929,ran,yeon
1030,1051,ran,yeon
1031,1004,rang,yang
1032,1022,rang,yang
1033,930,re,yeol
1034,1106,ren,im
1035,1215,ren,im
1036,1103,ren,in
1037,1154,ren,in
1038,1183,ren,in
1039,1192,ren,in
1040,1213,ren,in
1041,1135,ri,il
1042,995,rong,yeong
1043,1143,rong,yong
1044,1125,rou,yu
1045,1092,rou,yug
1046,1107,ru,ib
1047,981,ru,yeo
1048,993,ru,yeo
1049,1231,ru,yog
1050,1272,ru,yu
1051,1280,ru,yu
1052,1029,ruan,yeon
1053,1065,rui,ye
1054,1207,run,yun
1055,1238,run,yun
1056,920,ruo,yag
1057,956,ruo,yag
1058,800,sai,sae
1059,670,san,sam
1060,725,san,san
1061,748,sang,sang
1062,833,sang,sang
1063,808,sao,so
1064,878,sao,so
1065,673,se,saeg
1066,797,sen,sam
1067,1057,seng,seung
1068,873,sha,sa
1069,669,sha,sal
1070,668,shan,san
1071,765,shan,seon
1072,671,shang,sang
1073,703,shang,sang
1074,727,shang,sang
1075,747,shang,sang
1076,763,shang,sang
1077,712,shao,so
1078,889,shao,so
1079,700,she,sa
1080,723,she,sa
1081,852,she,sa
1082,853,she,sa
1083,872,she,sa
1084,806,she,seob
1085,731,she,seol
1086,805,she,seol
1087,1633,shen,chim
1088,950,shen,sim
1089,975,shen,sim
1090,1043,shen,sim
1091,907,shen,sin
1092,948,shen,sin
1093,973,shen,sin
1094,1010,shen,sin
1095,1058,shen,sin
1096,674,sheng,saeng
1097,681,sheng,seong
1098,733,sheng,seong
1099,753,sheng,seong
1100,777,sheng,seong
1101,969,sheng,seung
1102,1007,sheng,seung
1103,1039,sheng,seung
1104,1160,shi,jeog
1105,666,shi,sa
1106,722,shi,sa
1107,743,shi,sa
1108,745,shi,sa
1109,762,shi,sa
1110,773,shi,sa
1111,682,shi,se
1112,767,shi,se
1113,676,shi,seog
1114,835,shi,seog
1115,943,shi,seub
1116,1006,shi,seub
1117,904,shi,si
1118,905,shi,si
1119,945,shi,si
1120,946,shi,si
1121,970,shi,si
1122,971,shi,si
1123,986,shi,si
1124,997,shi,si
1125,1002,shi,si
1126,1040,shi,si
1127,912,shi,sib
1128,906,shi,sig
1129,947,shi,sig
1130,987,shi,sig
1131,1041,shi,sig
1132,910,shi,sil
1133,949,shi,sil
1134,974,shi,sil
1135,1008,shi,sil
1136,909,shi,ssi
1137,688,shou,su
1138,689,shou,su
1139,715,shou,su
1140,737,shou,su
1141,756,shou,su
1142,769,shou,su
1143,780,shou,su
1144,815,shou,su
1145,728,shu,seo
1146,749,shu,seo
1147,857,shu,seo
1148,877,shu,seo
1149,888,shu,seo
1150,838,shu,so
1151,860,shu,so
1152,809,shu,sog
1153,861,shu,sog
1154,717,shu,su
1155,781,shu,su
1156,879,shu,su
1157,900,shu,su
1158,690,shu,sug
1159,718,shu,sug
1160,816,shu,sug
1161,844,shu,sug
1162,819,shu,sul
1163,846,shu,sul
1164,812,shua,swae
1165,813,shuai,soe
1166,863,shuai,su
1167,672,shuang,sang
1168,1011,shuang,ssang
1169,734,shui,se
1170,687,shui,su
1171,716,shui,su
1172,843,shui,su
1173,691,shun,sun
1174,901,shun,sun
1175,831,shuo,sag
1176,708,shuo,seol
1177,665,si,sa
1178,667,si,sa
1179,699,si,sa
1180,701,si,sa
1181,724,si,sa
1182,761,si,sa
1183,774,si,sa
1184,792,si,sa
1185,854,si,sa
1186,874,si,sa
1187,886,si,sa
1188,686,song,song
1189,714,song,song
1190,811,song,song
1191,840,song,song
1192,862,song,song
1193,768,su,so
1194,859,su,so
1195,899,su,so
1196,684,su,sog
1197,713,su,sog
1198,839,su,sog
1199,740,su,sug
1200,865,su,sug
1201,746,suan,san
1202,796,suan,san
1203,778,sui,se
1204,757,sui,su
1205,864,sui,su
1206,890,sui,su
1207,685,sun,son
1208,810,sun,son
1209,1638,suo,chug
1210,801,suo,saeg
1211,735,suo,so
1212,841,suo,swae
1213,379,ta,dab
1214,414,ta,dab
1215,1510,ta,ta
1216,1574,ta,tab
1217,416,tai,dae
1218,1513,tai,tae
1219,1541,tai,tae
1220,1622,tai,tae
1221,304,tan,dam
1222,413,tan,dam
1223,436,tan,dan
1224,452,tan,dan
1225,1512,tan,tam
1226,1573,tan,tam
1227,1571,tan,tan
1228,1601,tan,tan
1229,306,tang,dang
1230,380,tang,dang
1231,415,tang,dang
1232,1575,tang,tang
1233,383,tao,do
1234,440,tao,do
1235,460,tao,do
1236,1623,tao,to
1237,1519,te,teug
1238,1332,ti,che
1239,1438,ti,che
1240,1390,ti,je
1241,1409,ti,je
1242,1462,tian,cheom
1243,1358,tian,cheon
1244,1116,tian,jeon
1245,417,tiao,do
1246,454,tiao,do
1247,1487,tiao,jo
1248,1330,tie,cheol
1249,1397,ting,cheong
1250,1437,ting,cheong
1251,1297,ting,jeong
1252,1361,ting,jeong
1253,1408,ting,jeong
1254,1464,ting,jeong
1255,312,tong,dong
1256,359,tong,dong
1257,387,tong,dong
1258,421,tong,dong
1259,1516,tong,tong
1260,1542,tong,tong
1261,1579,tong,tong
1262,360,tou,du
1263,1518,tou,tu
1264,1580,tou,tu
1265,340,tu,do
1266,373,tu,do
1267,418,tu,do
1268,386,tu,dol
1269,1515,tu,to
1270,1578,tu,to
1271,464,tuan,dan
1272,1550,tui,chu
1273,1517,tui,toe
1274,385,tun,don
1275,1459,tuo,cheog
1276,1569,tuo,ta
1277,1600,tuo,tag
1278,1511,tuo,tal
1279,938,wa,wa
1280,942,wai,oe
1281,1740,wan,hwan
1282,471,wan,man
1283,504,wan,man
1284,939,wan,wan
1285,473,wang,mang
1286,525,wang,mang
1287,538,wang,mang
1288,595,wang,mang
1289,621,wang,mang
1290,941,wang,wang
1291,968,wang,wang
1292,515,wei,mi
1293,532,wei,mi
1294,548,wei,mi
1295,604,wei,mi
1296,1037,wei,oe
1297,1089,wei,wi
1298,1123,wei,wi
1299,1148,wei,wi
1300,1165,wei,wi
1301,1179,wei,wi
1302,1203,wei,wi
1303,1204,wei,wi
1304,1234,wei,wi
1305,1235,wei,wi
1306,1256,wei,wi
1307,1257,wei,wi
1308,1271,wei,wi
1309,1279,wei,wi
1310,1285,wei,wi
1311,1189,wei,yu
1312,1236,wei,yu
1313,1258,wei,yu
1314,513,wen,mun
1315,531,wen,mun
1316,543,wen,mun
1317,937,wen,on
1318,1035,weng,ong
1319,951,wo,a
1320,967,wo,wa
1321,481,wu,mu
1322,530,wu,mu
1323,542,wu,mu
1324,547,wu,mu
1325,550,wu,mu
1326,603,wu,mu
1327,484,wu,mul
1328,514,wu,mul
1329,935,wu,o
1330,965,wu,o
1331,985,wu,o
1332,996,wu,o
1333,1001,wu,o
1334,1005,wu,o
1335,1033,wu,o
1336,1056,wu,o
1337,1071,wu,o
1338,966,wu,og
1339,79,xi,gye
1340,103,xi,gye
1341,127,xi,gye
1342,1722,xi,hae
1343,1750,xi,heub
1344,1674,xi,hui
1345,1694,xi,hui
1346,1751,xi,hui
1347,1788,xi,hui
1348,1761,xi,hye
1349,711,xi,se
1350,754,xi,se
1351,675,xi,seo
1352,706,xi,seog
1353,729,xi,seog
1354,750,xi,seog
1355,764,xi,seog
1356,803,xi,seog
1357,902,xi,seub
1358,1038,xi,seub
1359,1009,xi,sig
1360,113,xia,ga
1361,1643,xia,ha
1362,1676,xia,ha
1363,1720,xian,ham
1364,1773,xian,ham
1365,1645,xian,han
1366,1704,xian,han
1367,1726,xian,heom
1368,1757,xian,heon
1369,1775,xian,heon
1370,1652,xian,hyeon
1371,1682,xian,hyeon
1372,1759,xian,hyeon
1373,1776,xian,hyeon
1374,1785,xian,hyeon
1375,1792,xian,hyeon
1376,677,xian,seon
1377,707,xian,seon
1378,730,xian,seon
1379,751,xian,seon
1380,1721,xiang,hang
1381,1774,xiang,hang
1382,1650,xiang,hyang
1383,1680,xiang,hyang
1384,1699,xiang,hyang
1385,1724,xiang,hyang
1386,1756,xiang,hyang
1387,704,xiang,sang
1388,775,xiang,sang
1389,799,xiang,sang
1390,855,xiang,sang
1391,875,xiang,sang
1392,897,xiang,sang
1393,1555,xiao,cho
1394,196,xiao,gyo
1395,1667,xiao,hyo
1396,1691,xiao,hyo
1397,1745,xiao,hyo
1398,683,xiao,so
1399,755,xiao,so
1400,779,xiao,so
1401,154,xie,gye
1402,1654,xie,hyeob
1403,1730,xie,hyeob
1404,1653,xie,hyeol
1405,1749,xie,hyu
1406,744,xie,sa
1407,793,xie,sa
1408,794,xie,sa
1409,885,xie,sa
1410,911,xin,sim
1411,908,xin,sin
1412,998,xin,sin
1413,1003,xin,sin
1414,1649,xing,haeng
1415,1679,xing,haeng
1416,1673,xing,heung
1417,1683,xing,hyeong
1418,1700,xing,hyeong
1419,680,xing,seong
1420,709,xing,seong
1421,710,xing,seong
1422,1655,xiong,hyeong
1423,1671,xiong,hyung
1424,1693,xiong,hyung
1425,1085,xiong,ung
1426,1670,xiu,hyu
1427,739,xiu,su
1428,758,xiu,su
1429,1594,xu,chug
1430,1651,xu,heo
1431,1681,xu,heo
1432,705,xu,seo
1433,802,xu,seo
1434,834,xu,seo
1435,898,xu,seo
1436,736,xu,sog
1437,738,xu,su
1438,842,xu,su
1439,692,xu,sul
1440,1725,xuan,heon
1441,1728,xuan,hyeon
1442,1790,xuan,hyeon
1443,678,xuan,seon
1444,804,xuan,seon
1445,836,xuan,seon
1446,1644,xue,hag
1447,1729,xue,hyeol
1448,795,xue,sag
1449,679,xue,seol
1450,1669,xun,hun
1451,1012,xun,sim
1452,817,xun,sun
1453,818,xun,sun
1454,845,xun,sun
1455,880,xun,sun
1456,1013,ya,a
1457,1044,ya,a
1458,1059,ya,a
1459,1067,ya,a
1460,1017,ya,ab
1461,1019,ya,ae
1462,953,yan,am
1463,976,yan,an
1464,989,yan,an
1465,1045,yan,an
1466,925,yan,eom
1467,924,yan,eon
1468,1025,yan,eon
1469,1758,yan,heom
1470,931,yan,yeom
1471,1053,yan,yeom
1472,962,yan,yeon
1473,983,yan,yeon
1474,994,yan,yeon
1475,1028,yan,yeon
1476,1052,yan,yeon
1477,1062,yan,yeon
1478,1069,yan,yeon
1479,1078,yan,yeon
1480,917,yang,ang
1481,1018,yang,ang
1482,1046,yang,ang
1483,921,yang,yang
1484,957,yang,yang
1485,979,yang,yang
1486,991,yang,yang
1487,999,yang,yang
1488,1048,yang,yang
1489,1060,yang,yang
1490,990,yao,yag
1491,1079,yao,yo
1492,1196,yao,yo
1493,1230,yao,yo
1494,1253,yao,yo
1495,1268,yao,yo
1496,1016,ye,al
1497,926,ye,eob
1498,919,ye,ya
1499,955,ye,ya
1500,977,ye,ya
1501,1021,ye,ya
1502,932,ye,yeob
1503,923,yi,eog
1504,959,yi,eog
1505,1024,yi,eog
1506,1096,yi,eub
1507,1094,yi,eul
1508,1783,yi,hui
1509,1101,yi,i
1510,1132,yi,i
1511,1153,yi,i
1512,1170,yi,i
1513,1211,yi,i
1514,1102,yi,ig
1515,1212,yi,ig
1516,1105,yi,il
1517,1155,yi,il
1518,1214,yi,il
1519,1098,yi,ui
1520,1099,yi,ui
1521,1130,yi,ui
1522,1152,yi,ui
1523,1169,yi,ui
1524,1181,yi,ui
1525,1190,yi,ui
1526,1210,yi,ui
1527,1239,yi,ui
1528,1260,yi,ui
1529,934,yi,ye
1530,928,yi,yeog
1531,961,yi,yeog
1532,1027,yi,yeog
1533,1050,yi,yeog
1534,1061,yi,yeog
1535,1068,yi,yeog
1536,1150,yi,yu
1537,1095,yin,eum
1538,1128,yin,eum
1539,1151,yin,eum
1540,1168,yin,eum
1541,1209,yin,eum
1542,1127,yin,eun
1543,1208,yin,eun
1544,1104,yin,in
1545,1133,yin,in
1546,1134,yin,in
1547,1171,yin,in
1548,1240,yin,in
1549,1097,ying,eung
1550,166,ying,gyeong
1551,1760,ying,hyeong
1552,964,ying,yeong
1553,984,ying,yeong
1554,1064,ying,yeong
1555,1070,ying,yeong
1556,1075,ying,yeong
1557,933,yong,yeong
1558,1031,yong,yeong
1559,1054,yong,yeong
1560,1081,yong,yong
1561,1118,yong,yong
1562,1198,yong,yong
1563,1083,you,u
1564,1120,you,u
1565,1144,you,u
1566,1145,you,u
1567,1177,you,u
1568,1232,you,u
1569,1278,you,u
1570,1090,you,yu
1571,1091,you,yu
1572,1124,you,yu
1573,1149,you,yu
1574,1166,you,yu
1575,1167,you,yu
1576,1180,you,yu
1577,1205,you,yu
1578,1206,you,yu
1579,1259,you,yu
1580,922,yu,eo
1581,958,yu,eo
1582,980,yu,eo
1583,992,yu,eo
1584,1023,yu,eo
1585,1066,yu,o
1586,936,yu,og
1587,1034,yu,og
1588,1082,yu,u
1589,1119,yu,u
1590,1163,yu,u
1591,1187,yu,u
1592,1199,yu,u
1593,1254,yu,u
1594,1032,yu,ye
1595,1055,yu,ye
1596,927,yu,yeo
1597,960,yu,yeo
1598,1000,yu,yeo
1599,1026,yu,yeo
1600,1049,yu,yeo
1601,1073,yu,yeog
1602,1080,yu,yog
1603,1117,yu,yog
1604,1197,yu,yog
1605,1237,yu,yu
1606,1286,yu,yu
1607,1126,yu,yug
1608,1086,yuan,won
1609,1087,yuan,won
1610,1122,yuan,won
1611,1147,yuan,won
1612,1164,yuan,won
1613,1178,yuan,won
1614,1188,yuan,won
1615,1201,yuan,won
1616,1233,yuan,won
1617,1255,yuan,won
1618,1270,yuan,won
1619,1063,yuan,yeon
1620,1014,yue,ag
1621,940,yue,wal
1622,1088,yue,wol
1623,1202,yue,wol
1624,978,yue,yag
1625,963,yue,yeol
1626,1084,yun,un
1627,1121,yun,un
1628,1146,yun,un
1629,1200,yun,un
1630,1221,za,jab
1631,1112,zai,jae
1632,1174,zai,jae
1633,1185,zai,jae
1634,1194,zai,jae
1635,1225,zai,jae
1636,1248,zai,jae
1637,1265,zai,jae
1638,1426,zan,chan
1639,1455,zan,chan
1640,1262,zan,jam
1641,1246,zang,jang
1642,1289,zang,jang
1643,1339,zao,jo
1644,1364,zao,jo
1645,1443,zao,jo
1646,1326,ze,chaeg
1647,1505,ze,chig
1648,1577,ze,taeg
1649,1603,ze,taeg
1650,1290,zei,jeog
1651,1348,zeng,jeung
1652,1418,zeng,jeung
1653,1448,zeng,jeung
1654,829,zha,sa
1655,1458,zhai,chae
1656,1266,zhai,jeog
1657,1514,zhai,taeg
1658,1406,zhan,jeom
1659,1186,zhan,jeon
1660,1195,zhan,jeon
1661,1138,zhang,jang
1662,1222,zhang,jang
1663,1224,zhang,jang
1664,1245,zhang,jang
1665,1263,zhang,jang
1666,1275,zhang,jang
1667,1321,zhao,chag
1668,1549,zhao,cho
1669,1300,zhao,jo
1670,1401,zhao,jo
1671,1478,zhao,jo
1672,807,zhao,so
1673,837,zhao,so
1674,1434,zhe,cheol
1675,1172,zhe,ja
1676,1439,zhe,jeol
1677,1508,zhen,chim
1678,1639,zhen,chim
1679,1336,zhen,jeong
1680,1351,zhen,jin
1681,1421,zhen,jin
1682,1451,zhen,jin
1683,1471,zhen,jin
1684,1489,zhen,jin
1685,1113,zheng,jaeng
1686,1388,zheng,jeong
1687,1398,zheng,jeong
1688,1485,zheng,jeong
1689,1491,zheng,jeong
1690,1368,zheng,jeung
1691,1469,zheng,jeung
1692,1480,zheng,jeung
1693,1423,zheng,jing
1694,1504,zhi,chi
1695,1539,zhi,chi
1696,1565,zhi,chi
1697,1597,zhi,chi
1698,1632,zhi,chi
1699,1338,zhi,je
1700,1465,zhi,je
1701,1314,zhi,ji
1702,1349,zhi,ji
1703,1350,zhi,ji
1704,1369,zhi,ji
1705,1370,zhi,ji
1706,1382,zhi,ji
1707,1383,zhi,ji
1708,1394,zhi,ji
1709,1395,zhi,ji
1710,1403,zhi,ji
1711,1449,zhi,ji
1712,1470,zhi,ji
1713,1352,zhi,jib
1714,1316,zhi,jig
1715,1420,zhi,jig
1716,1450,zhi,jig
1717,1318,zhi,jil
1718,1422,zhi,jil
1719,1472,zhi,jil
1720,972,zhi,sig
1721,1537,zhong,chung
1722,1343,zhong,jong
1723,1365,zhong,jong
1724,1380,zhong,jong
1725,1311,zhong,jung
1726,1347,zhong,jung
1727,1367,zhong,jung
1728,1417,zhong,jung
1729,1346,zhou,ju
1730,1393,zhou,ju
1731,1415,zhou,ju
1732,1446,zhou,ju
1733,1479,zhou,ju
1734,1488,zhou,ju
1735,1591,zhu,chog
1736,1536,zhu,chug
1737,1616,zhu,chug
1738,1631,zhu,chug
1739,1299,zhu,je
1740,1114,zhu,jeo
1741,1140,zhu,jeo
1742,1301,zhu,jo
1743,1308,zhu,ju
1744,1345,zhu,ju
1745,1366,zhu,ju
1746,1381,zhu,ju
1747,1467,zhu,ju
1748,1494,zhu,ju
1749,1310,zhu,jug
1750,1229,zhuan,jeon
1751,1252,zhuan,jeon
1752,1184,zhuang,jang
1753,1264,zhuang,jang
1754,1274,zhuang,jang
1755,1282,zhuang,jang
1756,856,zhuang,sang
1757,1535,zhui,chu
1758,1416,zhun,jun
1759,1454,zhuo,chag
1760,1218,zhuo,jag
1761,1412,zhuo,jol
1762,1570,zhuo,tag
1763,1620,zhuo,tag
1764,1634,zhuo,tag
1765,1108,zi,ja
1766,1136,zi,ja
1767,1156,zi,ja
1768,1216,zi,ja
1769,1261,zi,ja
1770,1273,zi,ja
1771,1281,zi,ja
1772,1287,zi,ja
1773,1592,zong,chong
1774,1305,zong,jong
1775,1413,zong,jong
1776,1402,zou,ju
1777,1340,zu,jo
1778,1411,zu,jo
1779,1444,zu,jo
1780,1302,zu,jog
1781,1341,zu,jog
1782,1304,zu,jol
1783,1497,zui,choe
1784,1595,zui,chwi
1785,1307,zui,joe
1786,1342,zun,jon
1787,1468,zun,jun
1788,1109,zuo,jag
1789,1137,zuo,jag
1790,1306,zuo,jwa
1791,1344,zuo,jwa
1792,1414,zuo,jwa
1793,1445,zuo,jwa
